language,gram,Slope1,Slope2,Slope3,Slope4,Slope5
Acehnese,Bigram,-0.39745759527819835,-6.264266178363811e-4,0.0026003272725906024,0.009864631549223742,0.020714477414444748
Acehnese,Trigram,-0.7049228925053931,-0.013423987313229671,0.004072941476954898,0.006197544863651918,0.017304199802896127
Acehnese,Unigram,-0.005186143560441195,0.022888211953857415,-0.07279913651363426,-0.027606976520506903,0.015054726781036993
Afrikaans,Bigram,-0.21591897779631972,0.003513410577836953,8.774398561488152e-4,8.824390791409724e-4,0.04038777078366679
Afrikaans,Trigram,-0.5647207752065195,-0.0025798405377473756,0.005656808869697414,0.012830938907288534,-0.018139040167669426
Afrikaans,Unigram,0.06586831895079695,-0.001033014103291274,-0.013796086278103574,-0.02057166948848225,0.13109367534156724
Albanian,Bigram,-0.2895669355696885,-0.0032180691051183446,0.012505771604747076,-7.426304889603834e-6,0.09225972008740609
Albanian,Trigram,-0.6791853246466344,-0.004952204518128717,0.00807429753790858,0.008048113404412896,0.011848475360379588
Albanian,Unigram,-0.040655385165362296,-0.005603841498839127,0.00471427002273726,-0.03282862731475831,0.17109949415577091
Alemannic,Bigram,-0.2901685738491257,0.0020839716386670385,0.0019355341319587395,0.0022392397944436073,-0.020719375844007317
Alemannic,Trigram,-0.698070399782591,-0.010449393838295832,-0.0036554106577953026,0.003269593093807222,-0.04075771527271225
Alemannic,Unigram,0.10291395578557574,0.006254178113752275,-0.0020805542493696947,-0.008048152880066205,0.1698672257518611
Amharic,Bigram,-0.594580227557747,-0.0041767148202440625,-0.002552316477209179,-0.04530615999909879,-0.037227327319216484
Amharic,Trigram,-0.8573654084602093,-0.005258364167607463,0.0033213049031426303,-0.011256013916802617,0.006118849230432611
Amharic,Unigram,-0.01283735333546211,0.00539948928294835,-0.024081966550446195,-0.08019266075711837,-0.19401764516163125
Anglo-Saxon,Bigram,-0.4357236877283755,0.005160260641846877,0.007342165725184618,0.012099412718742117,0.031972246604406104
Anglo-Saxon,Trigram,-0.7756602293648306,5.669372633857662e-4,-0.0029881905409552085,0.009626878187834899,0.006967072500274962
Anglo-Saxon,Unigram,0.007235253891600121,0.003578204539076467,0.009714787732908348,-0.016450765495996302,0.126518428887757
Aragonese,Bigram,-0.2204794160531509,-0.006140767733680028,0.002773125522790812,0.00901903948546539,0.08946722129598417
Aragonese,Trigram,-0.5750850575267491,-0.006034977089807227,0.0014728905997915581,0.006898203518599758,0.019782609478897126
Aragonese,Unigram,0.03792596822529046,-0.022865455735111354,-0.00841326157970499,0.0035563794334179362,0.18615734059393685
Armenian,Bigram,-0.5621116748299515,-0.009881937224092514,-0.010534436538659707,0.002985330289848242,-0.0527462006303272
Armenian,Trigram,-0.8378823630629862,-0.010119836032904598,-0.00958438047888019,-0.003073909595869633,-0.004298909427921243
Armenian,Unigram,-0.03326232514673302,-0.024147750746335545,-0.003798182462941589,0.0021426120471989578,-0.02631775061658334
Assamese,Bigram,-0.4652804638195855,0.0016153271389384766,0.0019649090591711067,0.010044529369347327,0.026715640673514215
Assamese,Trigram,-0.7919262139320383,-0.0034794041489513957,3.5092722396779685e-4,0.0023710001500355238,0.017288208836436066
Assamese,Unigram,0.007133026042122686,-0.0020174080309143753,0.002042083280045974,-0.007761076139295008,0.04134692198064364
Asturian,Bigram,-0.23639737702776073,0.005881821195138219,0.0023761945017027712,0.0021009756224016863,0.08556125753223523
Asturian,Trigram,-0.6289208198297376,9.897213198198742e-4,0.00202332045176942,2.596277758079202e-4,0.0353308865222871
Asturian,Unigram,0.06155395698077065,-0.007427314781023353,-0.01026562332488808,-0.007296108079645314,0.17212784097194145
Aymara,Bigram,-0.4779754880172758,-0.01232147392427542,0.003802349718666107,0.006898209392743441,0.003453137939536717
Aymara,Trigram,-0.7068152657636987,-0.008557470985409989,0.024762032340285522,0.02082908196925519,-0.015504931531004183
Aymara,Unigram,-0.024381528239911833,-0.02590253181063826,0.0017966609265172143,-0.035261337171897396,0.051141218856417994
Azerbaijani,Bigram,-0.45681097773685214,-0.0013170302111591473,0.004551706692160294,0.008238648510588727,-0.04312144777001931
Azerbaijani,Trigram,-0.8862299608965643,-0.006063095815600856,0.002370799273880881,0.002649736620362811,-0.015817102703307006
Azerbaijani,Unigram,0.008490689979975704,-0.00240961799594345,-0.0028940118876791027,-0.00919151892928708,0.024881246752220545
Bashkir,Bigram,-0.48129359696550766,0.0010510837364314394,0.008376488555224664,0.001191624445523579,-0.06428232756818258
Bashkir,Trigram,-0.8700459962401418,6.439105263188775e-5,0.00365994948347123,-0.002440716871863658,-0.021398619694921135
Bashkir,Unigram,0.024920159099312805,-0.0011177622716073558,-0.001941256604875337,-0.006494270499660835,-0.02661272051687692
Basque,Bigram,-0.451834038688926,-0.006261383351798383,0.015355667418333116,-0.03424368817485435,-0.07306120788519621
Basque,Trigram,-0.8278219662708721,-0.010828810189656868,0.00973215638621751,9.684838427925826e-4,-0.03934803716696914
Basque,Unigram,-0.010674470027653964,-0.009832447795339636,0.011565830161293776,-0.051887956562315804,-0.09280466805051417
Bavarian,Bigram,-0.42106932595419216,-0.0017554891815246,0.001988406707229284,0.009300559852792179,-0.008122126120190568
Bavarian,Trigram,-0.7794069744500259,-0.013798308128273328,0.0015359231674038415,0.008321057617728281,-0.019575636893253683
Bavarian,Unigram,0.042355828369996844,0.011590417422180583,-0.009173938939121464,-0.030809309794055557,0.12484583787302388
Belarusian,Bigram,-0.4356931130296791,0.004013102338319434,0.008038533616534968,0.008672375470121238,0.012776517127263147
Belarusian,Trigram,-0.8393002377807871,-0.0032349956685715723,0.004019919177817956,-0.003604544689325257,-5.212832134760453e-4
Belarusian,Unigram,0.05161144099818616,0.006753877455680871,-7.882013733380016e-4,-0.0017520876172389976,0.08629321787477578
Bengali,Bigram,-0.49150696881604533,0.008099435191780408,0.023486794583583912,-0.006797486847220277,0.01336031834986883
Bengali,Trigram,-0.7850025430027578,-4.2086028514702464e-5,0.002439284092668063,0.0029264764656513585,0.003908261910326929
Bengali,Unigram,-0.0031335451103155273,0.0050928378129963025,0.011110871363929617,-0.016907937752283803,0.0769047817981088
Bhojpuri,Bigram,-0.46319053977608116,0.015300528510914747,0.021045505002730176,-0.011645679457844449,0.02605146036742237
Bhojpuri,Trigram,-0.7171189510443506,0.00868087027311098,0.005836679608689586,-0.01701815764208466,0.014884753364305843
Bhojpuri,Unigram,-0.09765435078493366,0.009850129469487408,-0.00761629042421573,-0.023792096394108626,0.06801384152608356
Bosnian,Bigram,-0.3864944990869968,-0.003250568466300588,-0.007211265495677401,0.0052479346200878,0.028371449318788634
Bosnian,Trigram,-0.8089068755194134,-0.006180577259726486,-0.00228644112630706,0.0032300754864064392,-0.015328184485156202
Bosnian,Unigram,0.02766832394166344,0.002273505127008249,-0.008748289594626478,-0.0105475561360875,0.15268022985373855
Breton,Bigram,-0.29553539016992086,0.0045490301781433975,0.0024384538546316395,0.003790614927049366,0.06942612658707387
Breton,Trigram,-0.6336080777814831,-0.006939091871901741,0.006861275977832194,0.011168043786415333,0.010401107846262508
Breton,Unigram,0.033841928690467066,-0.001592552338222972,-0.024033445606731686,-0.033410637316220855,0.14292627499190938
Bulgarian,Bigram,-0.3494921884027486,-0.0030843445227683804,0.0038273265553379183,0.006843578285816734,0.051311094480645865
Bulgarian,Trigram,-0.7618777113983943,-0.010604137272271316,0.003600826105674106,0.006497508468045569,0.006573809066764042
Bulgarian,Unigram,0.005303323325150947,0.011957941909820668,-0.010883277379184294,-0.02329710385812169,0.1074244822693541
Burmese,Bigram,-0.5154296840909635,0.0052563123157949145,0.007812993320549175,0.005036593275927866,0.013253041845446317
Burmese,Trigram,-0.7766683628110119,0.0012200968647634418,0.0020534272407424572,-0.00190575853053645,0.002810695694416617
Burmese,Unigram,0.045081971266223674,4.566316820113263e-4,-0.010854794161369873,-0.016734676263285526,0.02395811807948722
Buryat,Bigram,-0.5436975680102424,-0.001734909133970094,1.4043298601218627e-4,0.01296098106094431,-0.03445480189944926
Buryat,Trigram,-0.8561023682982319,-0.006887802020329044,-4.435409604478396e-5,0.00300002807080197,-0.007776415922517884
Buryat,Unigram,0.0366204363853963,-0.014490190435394214,0.005165187367265307,-0.012703885558162813,-0.09121145070316056
Catalan,Bigram,-0.20773254444669306,0.003127339544064266,-0.0040934057027969374,0.002877506834144914,0.12179208458666148
Catalan,Trigram,-0.5711333561928927,0.0024464487972147473,0.001145199208277174,0.0035794871548186957,0.03980229862124641
Catalan,Unigram,0.06605261761857807,-0.0112987212595589,-0.0049237659541065916,-0.014303758853124316,0.19442419936075125
Chuvash,Bigram,-0.5553658258285662,0.005268773383168006,-0.0017552388601739057,0.010485309734633054,-0.04121688052499977
Chuvash,Trigram,-0.8896421802260835,-0.003892190354858512,0.007441463455460464,-9.737423042875098e-4,-0.010808749672184712
Chuvash,Unigram,0.043032812883064174,-0.006273917627414206,-0.004455388694618468,-0.007301914831351669,-0.05102300401948958
Corsican,Bigram,-0.288186136690872,-0.002145100952331395,0.003433368730236906,0.006608445273991508,0.09451710204805443
Corsican,Trigram,-0.6267814995180562,-0.0017635006268057446,-0.0013426563321268592,0.004031704576213221,0.06473901091138085
Corsican,Unigram,0.04982283053498239,-0.0031556611299851513,-0.003765029227402456,-0.00997420219909676,0.1449949578924308
Croatian,Bigram,-0.38116286229871454,-2.806962748339465e-4,-5.696260059605174e-4,0.010695089542428532,0.031409793202900854
Croatian,Trigram,-0.8182115961496345,-0.005334869357588395,0.0029780023233561006,0.006620970122337596,-0.02106883590746017
Croatian,Unigram,0.04719190702220788,-0.001640013907938696,-0.004157942190887613,-0.015944408975308157,0.16340492504974527
Czech,Bigram,-0.40636992913934783,0.009662759030291361,0.012533672811535449,0.014014567425586443,0.017189473267725925
Czech,Trigram,-0.836802119860643,-0.006254586555127015,2.361971570847833e-4,0.001319501348884043,-0.010269635022257865
Czech,Unigram,0.04582008489147114,0.009888219137281648,-0.004726169372775529,-0.012322458494623168,0.1333633181614741
Danish,Bigram,-0.28923185420201647,0.003182502405292728,0.004202013626385743,0.0054278031698727774,0.08358400308935786
Danish,Trigram,-0.701715551271624,-0.0014737954676902138,0.0045562997471451675,0.010101764467728945,0.010054367979351104
Danish,Unigram,0.02120470303167482,-0.004347524450390055,-0.012634434495997672,-0.01934163727541542,0.1875778045033314
Divehi,Bigram,-0.5508082096630577,0.0011600893160519244,0.00717239816043485,0.002266960521600553,-8.932775332176139e-4
Divehi,Trigram,-0.8387713593290258,-0.012356445901434844,0.004537968681890314,0.005708008235887881,0.003772381476927474
Divehi,Unigram,0.05587173022575035,0.014600773408402847,-0.022910375777280424,-0.0215658640743585,-0.021272262720025966
Dutch,Bigram,-0.20724625190368196,-2.304658936698656e-4,0.00586934643209511,6.19753928157715e-4,0.11125392469018627
Dutch,Trigram,-0.5780963562777881,-0.01042076496880497,0.002049903727975107,0.015807337054506376,0.037246586778872846
Dutch,Unigram,0.07771136501186035,0.006911801642170977,-0.009405649756189353,-0.03418169419946884,0.24103032291061885
Emilian-Romagnol,Bigram,-0.22094161547370836,0.008859454076501832,0.0069355318759358,0.006709247423604361,0.08669824344487206
Emilian-Romagnol,Trigram,-0.5488985171707331,-0.00493846510376983,0.0022069698511804144,9.86653420139276e-4,0.01991512715970827
Emilian-Romagnol,Unigram,0.11941136471696089,0.006823008760597996,0.008286748547501664,0.008736315725179132,0.19464618785034976
Erzya,Bigram,-0.6051962701306379,-2.1917033044376857e-4,0.015126439657409752,-0.016619151808992035,-0.007534205295417137
Erzya,Trigram,-0.85650169515866,-0.008543763195939282,-0.007918480641349495,0.008887103070613349,-0.00823881639810844
Erzya,Unigram,0.020648239657309487,0.013948706038456953,-0.03736128293268004,-0.005697735206696533,0.020598898626043034
Esperanto,Bigram,-0.3405815458224252,0.00940355338689899,-0.0075374913491545355,0.015725141342141497,0.10685070510918818
Esperanto,Trigram,-0.6553284103273264,-0.013532529042556894,-0.009364472942963662,0.010538485011815124,0.040741274285421805
Esperanto,Unigram,0.052400731138508884,-0.01905670449866443,-0.0232867859298763,-0.010188478792167516,0.18780461126361017
Estonian,Bigram,-0.5120639095853321,3.282954568348022e-4,8.216250631333704e-4,0.0169280494677104,0.004958657376697754
Estonian,Trigram,-0.9502712242021251,-0.0073859065105903515,0.0014193675188386883,9.679959420153224e-4,-0.009934444772945831
Estonian,Unigram,0.04381809669354465,0.0012216445907681456,-0.002272408144210242,-0.021934757146883456,0.11787652154407613
Extremaduran,Bigram,-0.32047210281663324,0.00569372792802328,-8.774847308493058e-4,0.004483622331133679,0.07777522045047937
Extremaduran,Trigram,-0.6922331896540703,-0.012035400140480683,0.003358112623016982,0.005026343430000974,0.01614110112791237
Extremaduran,Unigram,0.06662032951271972,0.0015869307431892238,-0.003081149794809905,-0.009061835716903372,0.14905520717822615
Faroese,Bigram,-0.3621021541211079,0.005332465760787059,0.005354775771354633,0.005052019909425358,0.05691618183158083
Faroese,Trigram,-0.744687193477568,-0.0052864509536887415,0.0019594551712452868,0.0018900681660568434,-0.002119158311845741
Faroese,Unigram,0.010422603239020856,0.0036943481987038412,0.002334776542252862,-0.013876920223759135,0.11308125936452242
Finnish,Bigram,-0.5757889321589313,-0.003313019448552191,-5.130436669291908e-4,0.0168051701145841,0.005649535618499958
Finnish,Trigram,-0.9763252737176074,-0.01393937449272749,-0.0013934969655143238,0.0032392010887213286,-0.0033806579122251557
Finnish,Unigram,0.017382226940833072,8.206602357657744e-4,5.995381315737181e-4,-0.020380971982868416,0.06874617460685511
Franco-Provençal,Bigram,-0.42590224736664434,-0.003411105286919093,0.004915719764320634,-0.0037735454710431217,0.06331377030109829
Franco-Provençal,Trigram,-0.695349796801297,-0.005410005511325913,4.319387082209109e-4,0.008034249342423827,0.033213809491842605
Franco-Provençal,Unigram,-0.052244061046579915,0.00766227567014987,-0.02309821953399588,-0.043843555043288414,0.13104425508208203
Friulian,Bigram,-0.2452784767713325,0.004004926383395618,0.00551557895176313,0.00435124655370378,0.07705658422528179
Friulian,Trigram,-0.5884912345097487,-0.011476309151364716,7.642204071000976e-4,0.0024942368760335273,-0.0014140561692605619
Friulian,Unigram,0.06866208193361267,0.002685039902081838,-0.019377679678506808,-0.003579902856371118,0.17230175037020648
Gagauz,Bigram,-0.5893122803310744,-0.013393151125843142,0.015382726671721273,0.007066075357294074,-0.012227786410615216
Gagauz,Trigram,-0.8108029688441912,-0.007479768488923619,0.0013884052573214707,0.003976285309078649,-0.006003728270894587
Gagauz,Unigram,0.04036238342856105,0.015604363661875464,4.990255469014092e-4,-0.007511160737414457,-0.01110055699977366
Galician,Bigram,-0.1943271705129401,5.5822567273949e-4,-1.2950178943524652e-4,0.006464779310623715,0.08661929148115645
Galician,Trigram,-0.612124775195938,3.419136483750497e-4,0.0011342112769516487,0.005212093763484364,0.015089480125801262
Galician,Unigram,0.08417449904277557,-0.016202731229412955,-0.008104789385251396,-0.006163984893101966,0.16236196188107754
Georgian,Bigram,-0.47351484847897335,1.5030421828677085e-4,0.001733587248789365,0.00911494832116465,-0.009376291903626297
Georgian,Trigram,-0.9059137966758871,-0.010348696051509978,-0.004694357856626514,0.0012261597300832934,-0.0035527152603820056
Georgian,Unigram,0.07047968324979924,0.0011334617258991512,6.726859439698589e-4,-0.0158044486700447,0.06949905927189655
German,Bigram,-0.2849937840818074,0.004448543753024403,0.006678995353147821,0.014194889991121418,-0.012024014184477823
German,Trigram,-0.7137936976440185,-0.013365994285586739,0.004767073734426725,0.011064904673369031,-0.04205150843345102
German,Unigram,0.0915638914756374,0.008135117275964018,-0.009406772432233198,-0.021186372207438842,0.20597389180616626
Gilaki,Bigram,-0.4838661046075832,-0.00570646470394886,-0.013056335288973963,0.015984041521148868,-0.0765274874334647
Gilaki,Trigram,-0.8255590862720765,-7.902255591157525e-4,-0.003604343520603875,0.002643262012810475,-0.030523320987629877
Gilaki,Unigram,-0.06232897942050626,0.00849659071203081,-0.022705560854749007,-0.03155129975300205,0.021596098243460232
Greek,Bigram,-0.2339848912539297,0.008914782919901106,3.1510399649908606e-4,0.0023199119675631134,0.05141426257349683
Greek,Trigram,-0.6264463769757801,-0.0014549852389488486,0.0012419530377989023,0.005438272500806267,0.00741759762009237
Greek,Unigram,0.1204636260193395,-0.0031640826871454438,-0.009401427586442124,-0.013395133541691393,0.1689140461571237
Guarani,Bigram,-0.4393805258074653,-0.003010297492741157,-0.0015568392792723077,0.014031869594352422,0.022180900653497013
Guarani,Trigram,-0.8035912186044772,-0.003446658709779586,0.002403724303946662,0.010548915431747864,0.0019378504614713265
Guarani,Unigram,0.023763123939791582,-0.012654038754810854,-0.004919150907404921,-0.013799379317529462,0.06353860078440131
Gujarati,Bigram,-0.4662848729571782,0.00587031728818223,0.0071638160424780115,0.010097087061461518,-0.22971192079623343
Gujarati,Trigram,-0.8791895080244665,0.011899550066817704,0.0054019534175193664,6.649477020219102e-4,-0.08521397233130638
Gujarati,Unigram,-0.05931984616333998,-0.02084800624537299,-0.005060203136645238,-0.002260795656074528,-0.3111438157255311
Hakka,Bigram,-0.519375276758543,0.011827672989649643,0.02710263065924582,0.017345051167440416,0.045985475366279296
Hakka,Trigram,-0.8039227017620068,-0.0019222718798794333,0.002957446527537817,-2.06981714761259e-4,0.005533066569958583
Hakka,Unigram,-0.0056443000819061655,-0.025981032827721545,-0.01731130109349551,-0.04554707592307853,0.026045802899849407
Hausa,Bigram,-0.36160266078130276,0.006178694230780451,0.012602727370313765,0.0019446237313826976,0.023503400401545416
Hausa,Trigram,-0.6920295849893804,-3.119266401637374e-4,0.003716805952261618,-0.0019528019437161548,0.004494970656361505
Hausa,Unigram,0.005792752848272443,-0.015236749337828783,-0.01118997610769038,-0.002371193127076618,0.07857552647424314
Hebrew,Bigram,-0.40907911067412095,-0.0034894273503885574,-1.1381557345160644e-4,0.0023605620801253205,-0.009936868521437511
Hebrew,Trigram,-0.8876919698039973,-0.011718232312647923,-0.001158272263510384,0.0010689120426434374,-0.0052706007458535875
Hebrew,Unigram,0.047185774336027865,0.007357970732181918,0.001135395109082218,-0.0015459856962825825,0.07701770159571977
Hindi,Bigram,-0.45146392396298407,0.007268499507563056,0.0024920934517609393,-0.004456599416441776,-0.03782580292184694
Hindi,Trigram,-0.8108840118870017,0.00608513782839601,0.002571671470026137,-0.006029713687937604,-0.008709138673490172
Hindi,Unigram,-0.08998547201673628,-0.009563296036765128,-0.005527326384686971,0.011922408246109812,0.02810705897586238
Hungarian,Bigram,-0.3266348342458103,-0.0020312008369420564,0.001363699030362775,0.01110678157968311,-0.005723118293421685
Hungarian,Trigram,-0.7666237095917129,-0.012640811710129065,-1.4062472664504882e-4,0.005857144051998301,-0.02569847631055928
Hungarian,Unigram,0.17204384797096656,0.009799226157112997,-0.006737403411084006,-0.006349737614029185,0.17250189764188695
Icelandic,Bigram,-0.34104776033975703,0.004027081716525838,0.006444104733027222,0.006119009614707278,0.07174179149198481
Icelandic,Trigram,-0.7540493327828227,-0.001787102187206252,0.0039925411708956,0.005763325029499202,-0.008225990965254984
Icelandic,Unigram,-0.027715083139997303,-0.0011674751169309763,-0.013190070655326158,-0.0210009937517057,0.15968867018490998
Ido,Bigram,-0.31786825546872954,0.02883832765830971,0.006656287010145985,0.010763810260907105,0.06502400823034715
Ido,Trigram,-0.6718543442473356,-0.0034431234739867094,-6.890036194012536e-4,0.00299188703742254,0.01728711934815478
Ido,Unigram,0.01604743140558287,0.005864187478243482,-0.014754320548130605,-0.019000859995683097,0.09650890241119534
Indonesian,Bigram,-0.3152446011168345,0.0020927081290344094,0.002589099309331578,0.008236476621021093,0.030973187257307435
Indonesian,Trigram,-0.7502403201544235,-0.00709235649417735,0.0055115728084698295,0.00857936248700094,0.007752614728478869
Indonesian,Unigram,0.012852900678971227,-0.003596455840903095,-0.00875222809322921,-0.026282878770966876,0.09815883209348654
Interlingua,Bigram,-0.23703136012404308,-0.006634788699932085,0.01029475303413204,-0.0024008968388758273,0.08923967752247053
Interlingua,Trigram,-0.6183406523566097,-0.00556688750966631,0.006571541998924289,0.0013643930635324811,0.024339344981546936
Interlingua,Unigram,0.04458563792262511,-0.024110689614918447,-0.0088060671067979,-0.016884048699166463,0.1640390032819909
Interlingue,Bigram,-0.3301399872182594,0.01538259063313823,0.01622230413883527,-0.010379591572746929,0.07864133328253665
Interlingue,Trigram,-0.6189585120060257,-0.004315837201676143,0.021540484151088717,-0.002233668451566064,0.015534954216891524
Interlingue,Unigram,0.05195232598765192,0.01992026524859554,-0.04050880887412657,-0.037781137587972906,0.08778798741939928
Irish,Bigram,-0.21652525781451365,-0.0024780583376715687,0.005212047630974775,0.005436673139040227,0.04980493672285514
Irish,Trigram,-0.5751427116655706,0.002259619227248128,0.00506979794564878,0.006297630577493953,0.0015463650681045256
Irish,Unigram,0.057242612431245815,-0.01432335920361479,-0.003449736009203543,-0.013062151310139384,0.13254151071689785
Japanese,Bigram,-0.7944448085711536,0.004845018495411948,0.0016781384389053468,0.010032352786506795,0.07448632414345478
Japanese,Trigram,-0.9528453870044093,-0.001355498225612835,-0.0015105531494708638,0.002241819025392902,0.026402782153646467
Japanese,Unigram,0.08242077171384836,0.0023771919734977723,-0.005989018809106121,-0.021756269399930424,-0.018885297798987757
Javanese,Bigram,-0.4117849027407086,0.028126142538058896,0.00844755721603021,0.01522847133233592,-0.007278732321610943
Javanese,Trigram,-0.7984905209639586,0.004269906551278461,0.0017913228242277374,0.016247999314689007,-0.009152794899813674
Javanese,Unigram,-0.0058698761888344945,0.02164486124702704,-0.04007858533278556,-0.037184447288948555,0.05946673455118274
Kabiye,Bigram,-0.3206840326655942,0.011420690803216978,0.00684578720418837,0.005414002415858987,-0.06000408858017477
Kabiye,Trigram,-0.6587008081843668,0.004435150698060035,9.93669759399422e-4,-0.0026709454077339127,-0.03531953005639687
Kabiye,Unigram,-0.08383689794276364,-0.0037781281706294094,-0.013634886991515466,0.004614924655349896,-0.029357661563598668
Kabyle,Bigram,-0.3885192195106793,-7.953570179898611e-4,0.002691706701597275,0.014207305770061348,0.0772575477903369
Kabyle,Trigram,-0.7292986027741523,-0.004843844878710523,0.0011741860965550485,0.004260868344491148,0.01551879504532429
Kabyle,Unigram,-0.024338720758981962,-0.0041334520411035695,-0.007198936873543551,-0.019412798742226723,0.09731564010532855
Kannada,Bigram,-0.5462222102483291,-0.0021689078989006153,0.007201083021522749,0.015095195471378857,8.365896762956377e-4
Kannada,Trigram,-0.9773168151507603,-0.006369531168989973,-0.002601457167400093,0.0044515487482281214,-0.006166183093302606
Kannada,Unigram,0.06362443505981781,0.0037789725560102225,-0.012348917719293433,-0.012889994018369136,0.09520042559481491
Kapampangan,Bigram,-0.3891589444776312,0.0037602613327287655,0.008069027182944888,0.012778604560966135,0.0470245955438583
Kapampangan,Trigram,-0.7153426382883455,-0.007018948994621381,0.009720795783449497,0.004567688980264168,0.011000549929146602
Kapampangan,Unigram,0.007603013588084273,-0.007600922424758002,-0.031098972205130422,-0.04832115764420517,0.12423441098899252
Karachay-Balkar,Bigram,-0.5124806315097021,-0.01731406464028045,0.010544731578504935,0.013146874624595321,-0.018191545003709775
Karachay-Balkar,Trigram,-0.8141799150186114,-0.011479987105230502,0.002071143296064124,-0.0030739216066989136,-0.00905362695436204
Karachay-Balkar,Unigram,0.04361202642168369,0.021654289118331966,0.005117275762720433,-0.005761603104101509,0.05237051634739583
Kazakh,Bigram,-0.48204747135276105,0.018720234523084012,0.005700947734255836,0.0017807349366172147,-0.06406764738375613
Kazakh,Trigram,-0.9004002223952882,-0.008097906622537029,0.0010847860316729463,-0.0020844143315261777,-0.01520048735580105
Kazakh,Unigram,0.05055282645154098,0.012873645113187839,0.002623664861719928,-0.0070280686849290615,-0.046354951190051945
Khmer,Bigram,-0.4258170929030818,0.00804146247470563,0.005828299379976156,0.0011826797165009671,0.053044487807037646
Khmer,Trigram,-0.7432606241292957,-0.0033846665788981535,9.368793010687989e-4,-3.161509382554143e-7,0.020758109426360857
Khmer,Unigram,0.040516662570644096,-0.0027553816400037383,0.002079983812582577,-0.002568012804881625,0.0859968771508415
Kirghiz,Bigram,-0.44550159472697337,0.007098336190211179,0.009520700205318257,0.006478445356759813,-0.05923375062066094
Kirghiz,Trigram,-0.890538368319296,-0.0029032189294769736,0.003098775701590532,0.0027685969208545635,-0.022586119241445286
Kirghiz,Unigram,0.04114977590266486,0.0018476174522186635,-0.0024816673248923933,-0.010653055891271775,-0.038217956312350906
Komi,Bigram,-0.5697984075355301,-0.01240035695653746,0.002027890491318159,0.0027161477661351513,-0.025993755530015553
Komi,Trigram,-0.8153192778839243,-0.009222663727918525,-0.001271227285991926,0.0010185719767521406,-0.008655295098432637
Komi,Unigram,0.04882180015838153,0.0032881482589703676,3.9397646234730235e-4,-0.05408567662230066,-0.06426656932783407
Konkani,Bigram,-0.5904539287642795,0.005259780571796976,-0.0023007396229393568,0.017986014753237318,-0.029326853342717528
Konkani,Trigram,-0.9219925456989713,-0.0026921489281482064,-0.0032909179316948627,0.0012636799078188758,-0.011706379161120092
Konkani,Unigram,-0.006921101573174406,0.005430264139840716,-0.004517043722091304,0.0029033456085904314,-0.01351132683931715
Korean,Bigram,-0.6342794522670473,-0.003527632264142364,0.0032839211315807424,0.002532205886373482,-0.034427802611321626
Korean,Trigram,-0.9770578472214904,-0.009164810733140977,0.001184871638851465,0.0018094948009536244,-0.00646889395743016
Korean,Unigram,0.06943763623371509,0.00407390741831736,-0.0037037282351730302,-0.009064165180821681,-0.08662677153650646
Ladino,Bigram,-0.2601353211850987,0.008941291390835502,0.013230928242270623,0.005725246359661337,0.08508305238156083
Ladino,Trigram,-0.5725465325780867,0.004993526159194128,-4.366332436629547e-5,0.008578561643015018,0.030590013024140283
Ladino,Unigram,0.07755271105240269,-0.0010539035140619333,-0.00170688984962466,-0.02491662902233291,0.15558563893017183
Lao,Bigram,-0.6967995495996386,0.00294136008681755,-0.004367760145236843,0.01387914080596304,0.025031584408292666
Lao,Trigram,-0.8870573671694528,-0.005329592485904087,-0.0017996632621857301,0.0031812842721166343,0.0021555085841197153
Lao,Unigram,-0.03005442829411889,0.0057076626589109445,0.0025046818680001174,-0.004121229217959093,-0.06308436974658534
Latin,Bigram,-0.44788072749708285,0.015117337062811442,-0.0028846370610571383,0.00881069552143438,-0.017684216935962227
Latin,Trigram,-0.8325146370769843,-0.004009412539179245,0.004027895346946721,0.004314472806577144,-0.010747056210097248
Latin,Unigram,0.05635257590012087,-5.047750888941463e-4,-0.034177445036074935,-0.05403903213598048,0.10230181941896149
Latvian,Bigram,-0.4515918382103993,0.0031490924902972,0.007719252632798103,0.0137812368953222,0.01995071745539059
Latvian,Trigram,-0.8806036504236942,-0.009931316267393839,0.005238879575856045,0.00561344287118132,-0.0020643990943127882
Latvian,Unigram,0.06268437775920731,0.00914885514107652,-0.0031691628820189623,-0.01682209180742379,0.09392869401994462
Lezgian,Bigram,-0.5325755412617624,-0.019488040563084577,0.0041327690135245015,0.027623983501207188,-0.04045178151871741
Lezgian,Trigram,-0.8222821839136217,-0.008624901121321632,3.879907434843448e-5,0.0014463781127934845,-0.012002821973816353
Lezgian,Unigram,0.04109230791519277,0.04094095559912752,0.007794765215604822,-0.018787198708743194,-0.1059299283089183
Limburgish,Bigram,-0.25707885664109376,0.004401220979604589,0.0019938751027799985,0.003941194521913151,0.08039369169191846
Limburgish,Trigram,-0.6502698853495006,-0.014518958221234836,4.66283283196029e-4,6.88072284476126e-4,0.03338557200043363
Limburgish,Unigram,0.10324583111202457,0.001973965107694347,-0.015523262700515048,-0.017585711948621876,0.16621979030630257
Lithuanian,Bigram,-0.5269100622182715,-0.003547513402376459,0.005356906038598229,0.014478807492474426,0.002280297847076975
Lithuanian,Trigram,-0.9470981389793638,-0.012350534671726714,0.004422525887495565,0.010760945878147833,0.004661997387261291
Lithuanian,Unigram,0.03736028709867321,0.0031195088039715595,-0.004689888177054743,-0.018481140963259795,0.02755421606635475
Lombard,Bigram,-0.27876617801675063,0.0056982081581007865,0.002510638036737088,-0.013694979296216598,0.11101623487559595
Lombard,Trigram,-0.6207803060782128,0.0016454753592551362,-0.004992766662839811,-0.0031124957999484827,0.0344677470051194
Lombard,Unigram,0.048972486196664,-0.001626410780659405,-0.019850929521211667,-0.03678581247878676,0.2201548600852234
Luganda,Bigram,-0.4493363419028282,0.018098686753161914,0.009838046401595189,-0.010033312759903283,0.009185923062312251
Luganda,Trigram,-0.7763210869250078,-0.002501807364353483,0.0030001868185554237,0.0028574358880506644,-0.005804548025575967
Luganda,Unigram,0.03568004593497721,-0.03378794268344017,0.0021922730329493314,-0.012640287500406763,0.09071352463027442
Luxembourgish,Bigram,-0.33797223179768937,0.002799686839378715,0.03715592087369456,-0.025080304328242917,-0.010284594237513179
Luxembourgish,Trigram,-0.664396530886707,-0.009551703725937877,0.021090760705303593,-0.014671867176381078,-0.0222937623939463
Luxembourgish,Unigram,0.014446271813033708,-0.017229381305268195,0.03178706401405354,-0.044007002348859715,0.122006473655664
Macedonian,Bigram,-0.3093715038745583,0.0027034047622393415,0.003235144407184644,0.003059031469312205,0.06562320307127169
Macedonian,Trigram,-0.7192436164808681,-0.003404935833826061,0.002671063326352978,0.007865047718381216,0.0037213499102006177
Macedonian,Unigram,0.006164998699642968,-6.530991600614103e-4,-0.004389749863159331,-0.021152592388105962,0.1578681663987738
Maithili,Bigram,-0.48572132261396234,0.030909405052150733,0.011141164790103615,0.04032766093851929,-0.025351503612896096
Maithili,Trigram,-0.6749046166110344,0.01783249928365176,0.005344176174893211,0.019283529342722622,0.009599540212300152
Maithili,Unigram,0.03407003053204979,0.021183799805885608,-0.01337280974199058,0.014200508226337434,-0.03204717265611124
Malagasy,Bigram,-0.3572025668469559,0.01828313480628444,0.039342311908057453,-0.003099819198495767,0.011310502123707183
Malagasy,Trigram,-0.6575148256542898,0.02422173935693841,0.017713586792015644,-0.023407007577536325,-3.6341812513738587e-4
Malagasy,Unigram,0.05595488460748183,0.030093930097060483,-0.01585418647057855,-0.029962903394097806,0.13717766684762275
Malay,Bigram,-0.3291000171858261,0.005228261673081471,0.006313777878262465,-1.4619597295263237e-4,0.024220880281461063
Malay,Trigram,-0.7500582433471742,-0.0031122734584422534,0.004674963498030358,0.008779854497442582,0.004564580808767553
Malay,Unigram,-0.003296985404855959,-7.601464868090384e-5,-0.017992320735546914,-0.03372864206650955,0.08402682805185938
Malayalam,Bigram,-0.6457939623419753,-0.0012749172238398845,0.0024045768834620065,0.006080721098929409,-0.028971048570215995
Malayalam,Trigram,-0.9884965980437823,-0.007632702710861867,0.0026010869240341364,-9.533430104105079e-4,-0.00209915283393711
Malayalam,Unigram,0.017329881830216467,0.008145307283492774,-0.0076222887199293874,-0.016239784501386714,-0.07710344513621241
Maltese,Bigram,-0.39743980326014533,0.003379722460166507,0.009992264153707638,0.006282252806264248,0.008040771305370151
Maltese,Trigram,-0.7905690898593998,-0.003067485597583025,0.0025055387635903666,0.004818302589725524,-0.015921882072870496
Maltese,Unigram,0.035043811585966006,4.3397129113711584e-4,-0.009262986821949858,-0.013652144816562805,0.11941444226899782
Manx,Bigram,-0.253565427068323,-0.013759774726098097,-0.0013339966290665725,0.01817113887964508,0.026667987797649208
Manx,Trigram,-0.6001436281168901,-0.0014379399186242312,0.004894078836246686,0.011270982770742404,-0.013401288052248198
Manx,Unigram,0.09009084970182547,0.0032979022059304165,-0.016831561546457992,-0.01828030515774118,0.08573525764549171
Maori,Bigram,-0.25960290402001945,-0.006284743577966274,0.030113165564402813,0.0248532260736249,0.046229526618129506
Maori,Trigram,-0.5161809506119575,-0.004736916954360299,0.028814137906992335,0.02103994636973679,0.04282289990946775
Maori,Unigram,0.01778154984302403,0.0036771686834861715,-0.008756408881652395,-0.0038975548437198307,0.0912339078627004
Marathi,Bigram,-0.5201932782822719,0.007066620836533269,0.01212776192193785,0.011644526495526854,-0.09239776085238256
Marathi,Trigram,-0.9359012477104235,-0.003450073997417426,0.0051453996927240545,0.007587689820127992,-0.011404908271466126
Marathi,Unigram,0.006468318192434736,0.0016263535053940765,-0.012998830168411269,-0.021365962737698245,-0.19739919488402258
Mazandarani,Bigram,-0.428198799523531,0.0013352967127002264,0.00920033897064629,0.0159325699483141,-0.0229394798618872
Mazandarani,Trigram,-0.7713897006535954,-0.009485687293961244,0.01054990198816911,0.014937900770246334,-0.028844818709490044
Mazandarani,Unigram,-0.01599866225568102,-0.030187770486588276,-0.009065750408663805,-0.030730913982245672,0.020802479884193745
Mingrelian,Bigram,-0.5265542633323059,-2.1158990584225508e-4,0.009516733410773857,0.013031600704071972,-0.008951132703664865
Mingrelian,Trigram,-0.849308354730604,-0.0098750571092328,-0.0027644999939765344,0.005248195229166699,-0.0013156193327224753
Mingrelian,Unigram,0.09385291749540428,-0.0028218501610210956,-0.007244231519796413,-0.006762246451361107,0.029034089013712915
Mirandese,Bigram,-0.2133520870458638,0.007242859282281159,0.006228024697431849,0.004771070525779345,0.09026152245935155
Mirandese,Trigram,-0.5610763632196955,-0.004380535171454869,0.001639956549921022,0.001612867358847598,0.057620420498099685
Mirandese,Unigram,0.051466939794984366,-0.0012484535091760217,3.612536952671721e-5,-0.0029853648754698124,0.15865865180079758
Mongolian,Bigram,-0.41423668310194023,0.0013191195822568724,0.00489725834270978,0.006629101009075794,-0.06110911828630388
Mongolian,Trigram,-0.8339733929826499,-0.008794532470573675,-0.0034224699464741513,0.0022588589613782547,-0.00902604681329165
Mongolian,Unigram,0.025354000501939294,0.005245819293287634,-0.0057196901641511245,-0.004655718102413188,-0.08827264187874982
Nahuatl,Bigram,-0.40968900250780493,0.006755314295286417,0.008684410654360231,0.007195934415650672,0.036969527541376786
Nahuatl,Trigram,-0.7020738743576247,-0.005956432579799193,5.201438506108802e-4,0.014146768841275222,0.0021016454199712323
Nahuatl,Unigram,0.12144172748127033,-0.02461353724933052,-0.026829646938347444,-0.043631300929151906,0.08499551457363082
Neapolitan,Bigram,-0.3948198332471183,0.06692043511337167,-0.014919375714460895,-0.0011424675546118672,0.08924130424570914
Neapolitan,Trigram,-0.732405597692721,0.03719655101325129,-0.015805524436986195,-0.014306899820244594,0.05657745531056378
Neapolitan,Unigram,-0.00662222192278432,0.061660737382695806,-0.08836985932703446,-0.0207948185828036,0.1382726297543191
Nepali,Bigram,-0.509274229874873,0.01347655683341513,-0.004178935527319866,0.005187156348663961,-0.024130449033849453
Nepali,Trigram,-0.7843645160034303,0.01210143617022222,-0.012762980464349632,0.0033819833367812065,-0.008451994125695127
Nepali,Unigram,0.007427753240201808,0.024372693612875786,-0.028080693708911173,0.008949468128801572,-0.038165267681915936
Norman,Bigram,-0.3329109593541365,0.0015082668956923795,-0.012994381341825742,-4.472323960519864e-5,0.13243321038227063
Norman,Trigram,-0.6149682250072634,-0.008325928199780595,-0.010462272293576796,0.005189974788353792,0.08553814157361107
Norman,Unigram,0.020252131428210886,-0.026156721078330267,-0.034131655608030505,-0.03846208108102236,0.22739186513827264
Occitan,Bigram,-0.2409659343780762,-0.030242182523164508,-0.0048739844502398684,-0.028528086037905506,0.10880346663596362
Occitan,Trigram,-0.6607007693828367,-0.009418904358939257,0.019411956583043552,-0.00976158999950872,0.043587329041233074
Occitan,Unigram,0.007280661724674007,-0.046678097996325024,0.002234142796789723,-0.04871870569644378,0.1798779765736217
Odia,Bigram,-0.555903710704682,0.01210619076965248,-0.0017738279849069509,0.013915546342781804,-0.05906073984907935
Odia,Trigram,-0.8444184948211608,0.004066785861387689,-0.010205968290388856,0.011074274176049866,-0.017161710359705495
Odia,Unigram,-0.1674349395128827,0.018335176373149277,-0.011397435984877965,0.00392926858657065,-0.09792768087299128
Ossetian,Bigram,-0.4871091710950954,0.004120609327514905,0.0038041040817228308,0.023348282641230914,-0.005024138629980069
Ossetian,Trigram,-0.8278694513957252,-3.181492238950198e-4,-3.3148351800316986e-4,0.010702943070933547,0.00500248737985294
Ossetian,Unigram,-0.0183539817954259,0.004703773201990944,-0.003441619068314774,-0.004577451356665057,0.053393093704230156
Pangasinan,Bigram,-0.5017027174870575,0.008757586755764704,0.03637237129559468,-0.04907017093148688,0.004278482911832627
Pangasinan,Trigram,-0.7592714434137179,0.016592768170540766,-0.0018575277178223598,-0.011453478958451408,0.0014232763224287684
Pangasinan,Unigram,-0.005599255857331389,0.003414245978775159,-0.03134708297825626,-0.05657880601567787,-0.003220012126575646
Papiamentu,Bigram,-0.2049887326146191,-0.0072497768829780825,0.015309211977628561,-0.002465588198677808,0.07816800514546252
Papiamentu,Trigram,-0.5134056179642422,-0.011831795137891657,0.0026101179617092868,0.002490516046832155,0.009508425809892673
Papiamentu,Unigram,0.07201576027885465,0.007778444253950624,-0.0027300172781002377,-0.01850995777328021,0.1551463725611057
Pashto,Bigram,-0.2866056633799892,0.00369002997363245,0.007782635918918115,0.006105046299520923,-0.06135358590268644
Pashto,Trigram,-0.6810368407201001,-0.001636798788183043,0.008802537413216665,0.011617650790085221,-0.08298613245209098
Pashto,Unigram,0.03202333271608861,-0.017553556908812266,-0.00881013740057991,-0.009006789431673047,0.09005713175873273
Persian,Bigram,-0.29708023854909354,0.005763327048956546,0.003958208367802573,0.010379123154607558,-0.05419905279402102
Persian,Trigram,-0.7085021113099469,0.0046469840723777365,0.006744858746983777,0.008946808408733199,-0.0653219615934087
Persian,Unigram,-0.0030957675048057885,-0.008442904805225976,-0.015591371899693427,-0.014736478756894815,0.013075599632597502
Picard,Bigram,-0.4450779586408965,-0.0098981333776553,0.01475226476765475,0.0038281886820732,0.04401498449820862
Picard,Trigram,-0.75580774494723,-0.0036761097153941063,0.003774531177824558,0.0029147025691475654,0.010243445075604072
Picard,Unigram,-0.006260638408700998,-0.005223056540614742,-0.015378214037860168,0.0011727672004104145,0.09815913264971149
Polish,Bigram,-0.41071815177451987,-7.929657610589744e-4,0.008593144407176944,0.009386652690185602,0.04045945641713456
Polish,Trigram,-0.8443680181568408,-0.009311511552153935,-2.566803076609958e-4,0.005812312759537691,0.002988406579733865
Polish,Unigram,0.061512275197921226,0.0022572161608976505,-0.0045369603240116435,-0.022717753660055795,0.10943932837076249
Quechua,Bigram,-0.47829230226755953,-0.015678217688341975,-0.0028206153208375473,0.007904099098788192,0.011716628296141802
Quechua,Trigram,-0.7443960905875429,-0.00406690933503007,0.009852098136681081,0.019220996050654922,-0.0023730407040956645
Quechua,Unigram,0.013677399323468379,-0.0457086264253933,-0.0490606362165685,-0.026904352714861354,0.10286582059558738
Ripuarian,Bigram,-0.5047154222360667,-0.01956605860795625,0.039753718718496915,0.09545602963638858,-0.006931527813159597
Ripuarian,Trigram,-0.7714843750240457,-0.011241212376532977,0.025563872104920577,0.035588418147897156,-0.008397676174666871
Ripuarian,Unigram,-0.06190739358205178,-0.03927567878860942,0.016654847604825464,0.05962667482764387,0.22337240011601345
Romanian,Bigram,-0.3116709645723784,0.005109403119093774,0.00407166101519935,0.004506183099857016,0.07694728880875022
Romanian,Trigram,-0.7039854994062468,-0.006195916862666922,0.003953733557142837,0.002640109970263973,0.011144630914231355
Romanian,Unigram,0.012595896923749291,0.0012625449709251192,-0.0015372163712316044,-0.014020908124790692,0.16979942294403239
Romansh,Bigram,-0.19094560159312532,-0.003077033553883867,0.002547613116491272,0.0034154034109795325,0.07079060731419375
Romansh,Trigram,-0.5345398419566106,-0.01288330993074386,0.004881270914319121,8.775290729216138e-4,0.021102954840407223
Romansh,Unigram,0.08740959124440183,0.006486652961534508,-0.008638679133056512,-0.00795050742491791,0.176505831188823
Russian,Bigram,-0.4270349834914752,0.004491417497643796,0.009324474604901774,0.0041213970858919495,0.018451087640759613
Russian,Trigram,-0.856363786178047,-0.0031047766192053156,-7.826921119388359e-4,0.001593211443826595,-0.003311811674090051
Russian,Unigram,0.08181653375114413,-0.0016834614715085566,-0.005356686922903378,-0.009944874365717464,0.11499511818484906
Rusyn,Bigram,-0.5104293459941959,0.013576805721011904,0.0014364787054595724,-1.4551017958204203e-4,0.003832664450912942
Rusyn,Trigram,-0.8515127922804179,2.844989152746812e-4,-0.0013041788534484608,-0.001843386589428122,-0.007664961637060272
Rusyn,Unigram,0.04245123694511032,-0.007972207236003403,-0.017878510484387353,0.00471025047730674,0.09339737427284567
Sakha,Bigram,-0.46663642208160594,-0.005157665415661045,3.699620039159276e-4,0.0101614967777294,-0.014397209015303466
Sakha,Trigram,-0.8245280182255563,-0.013971673113207527,0.0016704119187519332,0.0015850808040588223,-0.006083765436516741
Sakha,Unigram,0.07262731921522378,0.02150117036874847,-0.0010511264255156844,0.0046655602631735585,0.010479931822549865
Samoan,Bigram,-0.11794485768694997,0.008566562805433386,-0.0035807109844854003,0.002130668349424224,0.07575858167749244
Samoan,Trigram,-0.3458988999797735,-0.0034649819370633547,0.0012023500013335492,0.003814571870248089,0.02884128614857584
Samoan,Unigram,0.0796537805163906,-0.005742959772886247,0.012372763680624212,-0.024988261178896548,0.17543119760998915
Sanskrit,Bigram,-0.5474758825201109,-7.994985881382358e-4,0.0029191332872420825,-0.01811569008300324,0.002111973371024636
Sanskrit,Trigram,-0.8082559687795912,8.590447614288233e-4,-0.0011457948828977901,-0.009816739218525609,0.022987340534477867
Sanskrit,Unigram,-0.02124434244441615,-0.01601915595146239,-0.013492419428544894,-0.00693440792441692,-0.14081704230484796
Sardinian,Bigram,-0.25666243200808736,0.006686970757972008,0.003827502116987074,-0.0034431155260014313,0.09649797672677331
Sardinian,Trigram,-0.6026040815455895,-9.341884078515612e-4,2.087620346261756e-4,0.002027567887147888,0.04751430403094781
Sardinian,Unigram,0.0686463243278494,-0.007838331882154046,-0.009028390428991517,-0.0064981676574874395,0.17539634827639833
Scots,Bigram,-0.29665284173227396,0.012869577010578153,0.007185646838430456,0.002447861285566132,0.06824421101089953
Scots,Trigram,-0.6572675953820536,0.0033244776359619152,0.007438533853476603,0.011525249221526918,0.024012586513319584
Scots,Unigram,0.00841079282324501,-0.014899016657101846,-0.02419461966472666,-0.03419007430177617,0.14742898331879792
Serbian,Bigram,-0.4359322578466553,0.009849919789802666,0.0011852678455533604,0.013712914190040828,0.02823560974370941
Serbian,Trigram,-0.8167948945198629,-0.0018041133136536967,-0.0024798141769746896,0.005666635052130129,-0.02551982488423762
Serbian,Unigram,0.032311082902484724,0.010571625131036658,-0.013204738650308124,-0.007080319215505337,0.19401720964516567
Serbo-Croatian,Bigram,-0.4722853961970583,-0.011802664913213985,-0.011484830029097304,0.01080665360651012,0.10363755751713398
Serbo-Croatian,Trigram,-0.7518744121303744,-0.028226763722731845,-0.00925036197722631,0.013850461122820712,0.060882881015800194
Serbo-Croatian,Unigram,-0.029964208534097606,0.04062490992839054,-0.005533040660900521,-0.05839737831099724,0.23750974836994282
Sicilian,Bigram,-0.29942594804858086,0.01931934613551689,0.005047322022843247,0.010888657210818603,0.07198770672311505
Sicilian,Trigram,-0.6890034928668456,-0.0034587087698732043,-0.0010664470424098212,0.0020504011886968354,0.020424529008692727
Sicilian,Unigram,0.04692650673086146,0.0011673323927039552,-0.00898676824905805,-0.010703114454857053,0.140217233803006
Silesian,Bigram,-0.5745421129226104,0.002400579122135845,0.004304719837113306,0.02470688002314933,-0.0018421836642749313
Silesian,Trigram,-0.8479670862188478,-0.01244828292122396,0.0011719862566692402,0.007590829387356832,-0.0027094024865301426
Silesian,Unigram,-0.048676463639027674,-0.02985908705538623,-0.007970086811159977,-0.02255623375882283,0.0052245998066491875
Sindhi,Bigram,-0.3340224520890834,0.012077593620928844,0.007719110488390993,0.015583793033852515,-0.12100087077152716
Sindhi,Trigram,-0.7064876607384063,-5.511350101178221e-4,0.004481511223726497,0.005907739633311124,-0.050056444035653395
Sindhi,Unigram,-0.013100648718513465,-0.0012806690397236028,-0.004200529705640401,-0.014429586447263776,-0.0751954958724015
Sinhalese,Bigram,-0.4311704756129253,0.003992259766079989,0.0066262736734435,0.013370481989220768,-0.06805375153888078
Sinhalese,Trigram,-0.8853846144940158,3.2791837997243043e-4,0.0034480754255711643,0.002084628366495335,0.0035683041203638305
Sinhalese,Unigram,-9.854368528855256e-4,-0.013340793772654867,-0.005610601689824974,-0.013751595321125618,-0.05924369444051628
Slovak,Bigram,-0.41729811461417426,0.004469778348908239,0.005554725244594644,0.006740202823973671,-0.015527499097051771
Slovak,Trigram,-0.8354832858738899,-0.009234722927348312,0.0011810172972344854,0.0019457943163163631,-0.023155854823500986
Slovak,Unigram,0.05294037502889402,0.003214391389579528,-0.009894247274057895,-0.029977835255103703,0.07799195675114172
Slovenian,Bigram,-0.3843393713331654,0.005212088886044501,0.003160204751880581,-0.004237442956074082,0.037558565280019184
Slovenian,Trigram,-0.780398810374135,-0.009579888750699027,0.0031271819808135273,-0.004101982828348205,-0.026909743482697965
Slovenian,Unigram,0.05806866668471378,-0.015245520041144947,0.0198318983713732,-0.040466902443612764,0.1890702989287896
Somali,Bigram,-0.4029729315589321,0.005861258304546582,0.004690253999881073,0.0029444789760071175,0.04292664782147741
Somali,Trigram,-0.7398155367605488,-0.0036705172940378395,-6.953244848497409e-4,-0.0021534092055875828,-0.004291540100661881
Somali,Unigram,-0.06415143356811379,0.00330549041811696,-0.008088971640207712,-0.004460437049233994,0.11476546414770314
Sundanese,Bigram,-0.37857392767752884,-0.00497616043265138,-0.005501268081650513,0.013835015214131843,0.02312969150353634
Sundanese,Trigram,-0.8003704203641709,-0.003377866903739004,1.0485192458700508e-4,0.004340505990200738,0.010496079745489426
Sundanese,Unigram,-6.511066770108037e-4,-0.0035026069875466795,-0.023490099329364165,-0.02147160652287173,0.08712949450372663
Swahili,Bigram,-0.3290480955432614,0.023232893815097907,0.013949140885832823,-0.009402533844122162,0.07461100316351414
Swahili,Trigram,-0.66902583530655,0.005693598778977658,0.003939455633685244,-0.0025532560119003226,0.036423942967188774
Swahili,Unigram,-0.0048379792178231094,-0.007045017165206826,0.012805718843602716,-0.05261496660791013,0.10039937926784363
Swedish,Bigram,-0.47898902305604674,-0.024337639136573243,0.012449487292770163,-0.02741351345784141,-0.047620133918406755
Swedish,Trigram,-0.7786677582918171,-0.033241379125299175,0.028586599864933705,-0.0015859089631614304,-0.07151991443399028
Swedish,Unigram,-0.1267844429911552,0.08274444046127573,-0.028320547492204803,-0.09724884826333183,-0.016869449072414403
Tajik,Bigram,-0.4739598374595042,0.002640173330590106,6.674829155491676e-4,0.0011042294772253202,-0.05902586282167634
Tajik,Trigram,-0.822048787456882,-0.004359283899857209,0.0025493590143761684,-0.005094099416146649,-0.029773650439267135
Tajik,Unigram,0.034070867464340696,-0.01244773792724762,-0.015079123659512337,-0.005425520986292887,0.00860149607460577
Tamil,Bigram,-0.602564286017586,-0.009666411253504419,0.004127073077655509,0.013022884473571934,-0.009490579416990877
Tamil,Trigram,-0.9807107307390003,-0.010781712819042395,0.001077094516429659,0.0024909655874161317,-0.003911810189585153
Tamil,Unigram,0.017286580968736344,0.005155046728379689,-0.0066491624634655066,-0.015518292629349206,-0.011560103266892312
Tatar,Bigram,-0.5299001988754544,-0.015930369228640964,0.011053507500695583,0.018151046475674885,-0.06252408844179493
Tatar,Trigram,-0.9130438162082706,4.2080251780444235e-4,0.004695413659824034,0.003969807997616244,-0.019917813870145226
Tatar,Unigram,-0.02491021780174654,-0.024241271246477788,0.005101342133692242,-0.0029075835171295974,-0.04468390895810044
Telugu,Bigram,-0.6118009332439385,-0.009623941408677252,0.009792067268497342,0.014265754207815258,-0.07073019660327393
Telugu,Trigram,-0.9517786295444766,-0.001127059789489456,-0.002447032409973296,0.01011939134939312,-0.07568361867393786
Telugu,Unigram,-0.075505013845691707,0.019076656247842386,-0.02597305872394516,0.022315941456490546,-0.03227582050002747
Tetum,Bigram,-0.38141184058687316,0.009697497766370192,0.012518682392049901,0.012952524746350726,-0.011320838406585921
Tetum,Trigram,-0.6927553133300836,-0.005093194445253996,7.244761839908064e-4,0.003304614255115574,0.0011386217050044693
Tetum,Unigram,-0.0025920093024124585,-0.0055791563423106035,0.005888614839276063,0.0033476000814942402,0.03288626147291542
Thai,Bigram,-0.7655149664300689,-0.007190925503299611,-0.001858131113213573,-5.962839490744752e-4,-0.016114409364843388
Thai,Trigram,-0.9897753442879229,-0.006116451603038732,-0.0021743204791963887,-5.079284405397663e-5,-6.984885187709468e-4
Thai,Unigram,-0.0015149854880582275,0.021968214455159677,-0.0014159117053920236,-0.004972587803586919,-0.36023149734129895
Tongan,Bigram,-0.3193860214980179,0.005381657206990702,-0.00162182857040238,-0.004359118071651989,0.04730499134965624
Tongan,Trigram,-0.5365773413846452,-0.009672937141424021,0.009768563252021599,-0.013224855226269844,0.02985744183833727
Tongan,Unigram,-0.03733564921715979,0.0024132183815987044,-0.013846240459705983,-0.009902618665929236,0.11259747532507816
Tsonga,Bigram,-0.321844024145229,0.007627739980568543,0.0024417215190635734,0.003531820269222369,0.046258543385612826
Tsonga,Trigram,-0.6430483692786875,0.01023639538082513,0.00416974886600384,0.013337835668961245,0.003699087337413619
Tsonga,Unigram,0.004569336055940815,0.008923402774994791,-0.012055534851251389,-0.0088237473134153855,0.11330032296454902
Tswana,Bigram,-0.2065941601542771,-0.0019996349606240496,0.0029676961171142967,0.007863621716755904,0.06645656732663653
Tswana,Trigram,-0.5206106065744415,-0.0030268027888587694,6.954589943675179e-5,0.0076211409339674,0.00837531821225445
Tswana,Unigram,0.037172737589749205,-0.00702776128770797,0.002608168440943907,0.001216969531173773,0.1490447825179288
Tulu,Bigram,-0.6374766817040699,0.006639602307795843,0.003872039453916696,-0.001978490459568451,-0.009878291547903402
Tulu,Trigram,-0.893342781237052,-0.005284481731986881,0.003841425372735061,-0.006712580277773557,0.0010169621737670146
Tulu,Unigram,0.030938658145258396,-0.007057046730520564,-0.018296545019667765,-0.024486354734811314,4.785788365437041e-5
Turkish,Bigram,-0.46329621400616583,-0.005313915102052076,0.008906338315567213,0.006022163418674787,-0.001235205819588597
Turkish,Trigram,-0.9130245811015598,-0.005262060627732372,0.003101572335063451,0.0035896821328245854,0.004708679434900101
Turkish,Unigram,0.022887911329563776,-2.9973368060015913e-4,-0.010061921429760473,-0.01126471021076856,0.0611710053391731
Turkmen,Bigram,-0.48503017943053994,0.0023153513280801665,0.006552789080488046,0.0020933857924826634,-0.01752292823721988
Turkmen,Trigram,-0.8601915147701479,-0.006766235947065791,-0.00326865473483023,0.0018952412899430888,-0.0024399884610052246
Turkmen,Unigram,0.071280919755485,-0.0024766761056936584,-0.015669159338911817,-0.005524254955646438,0.04734662238721298
Ukrainian,Bigram,-0.4450171521707299,0.00397917030838138,0.0031433370755028197,0.008378624785041557,0.0038432300444694867
Ukrainian,Trigram,-0.876711604696232,-0.0075629014278196715,-7.569497840262885e-4,0.002806316712784991,-0.008948676534707739
Ukrainian,Unigram,0.07243589989969157,-0.004284088257865501,0.00257189351112638,-0.0062675195610878715,0.09948282143027053
Urdu,Bigram,-0.5131754783706652,0.03020984112056507,0.022503734950464954,-0.009586422959641964,-0.07019355458558987
Urdu,Trigram,-0.6998136984020217,0.005862177801761061,-0.009005663920359983,0.023157862179084276,-0.04009632020118345
Urdu,Unigram,-0.10627929631473369,0.01274618570941298,0.04678314677207549,-0.04575439995660981,-0.007489181554381258
Uyghur,Bigram,-0.506534822596069,0.00567657322278565,0.002695450659846224,0.004864775891028081,-0.05193343827131183
Uyghur,Trigram,-0.8798747368632618,-0.009335722968424533,0.0017366770306613012,0.0014499795435746787,-0.013377792056170769
Uyghur,Unigram,0.07898242821464173,-0.0011080444840132293,-0.005205753587527977,-0.008728515508654134,0.004673095977339825
Uzbek,Bigram,-0.4577754517503116,-0.0024377297528076635,0.0015285195445475619,0.009078124989152518,-0.06549957595978007
Uzbek,Trigram,-0.8873038923922825,-0.008268109972480182,6.27686022268178e-4,0.004859617337408668,-0.0011213261171884408
Uzbek,Unigram,0.05247435221452344,-0.0013081007142602354,-4.198185087118592e-4,-0.016690994725158576,-0.08447152732768114
Venetian,Bigram,-0.24096468495287413,0.005289494901179973,0.012917576522170765,0.01127987167633642,0.09261926602438085
Venetian,Trigram,-0.6171017484156707,-0.011587178329608662,0.01116378057753335,0.008443644178511144,0.018731752759778657
Venetian,Unigram,0.07980841654300777,0.005539274634633081,0.008850995651467469,0.00430655466082031,0.18746753111028985
Vepsian,Bigram,-0.6179654236014152,-0.0063298233936811155,0.01538141762167381,-0.020420311371662093,0.0536903709578826
Vepsian,Trigram,-0.8726025504176119,-0.011026597409802457,0.003816945187247769,-0.002946438106098391,0.03899103968738427
Vepsian,Unigram,0.04359558667180339,0.01889550286359706,-0.034119151606759,-0.015295279493214747,-0.0755963336584319
Vietnamese,Bigram,-0.18765050370568612,0.007380659414584734,0.003421556826645775,-0.008506089883316416,-0.005314191107261033
Vietnamese,Trigram,-0.4945121497558785,-0.002709908697554237,8.924423027107346e-4,-0.005232315094619424,-0.036485004219713485
Vietnamese,Unigram,0.04055086139142569,-0.005005808880780616,2.1242953532946094e-4,-0.018858209705244506,0.10440806177412554
Walloon,Bigram,-0.27138827352579203,-0.0019511525694972547,-0.006856304629157504,0.0016317617139568065,0.07857617531840325
Walloon,Trigram,-0.6224781529166193,-0.0047856231595714786,0.0043407097353615415,0.006557849537118244,0.015654872468491794
Walloon,Unigram,0.00812821252084383,-0.0030875025537349687,-0.022705822074171742,-0.019159066833959938,0.15911334324273357
Waray,Bigram,-0.4904102278450773,0.010914574186391959,0.023164048310488166,-0.06020335824808831,0.12303227143380663
Waray,Trigram,-0.6161903214210511,0.012485119020769741,0.021136309179394127,-0.0864733099599898,0.1510840904931699
Waray,Unigram,-0.14310163381800872,-0.06762262929471856,0.06922602801478532,-0.18850933644034867,0.5017511530171793
Welsh,Bigram,-0.3039409701730719,0.01860491213204394,3.9285501510054484e-4,6.88748756196683e-4,0.04958803489403225
Welsh,Trigram,-0.6616255132997626,-0.0014905559476469734,-0.0010930310825315445,0.006068245020023426,0.012855364265777621
Welsh,Unigram,0.005507541912040327,0.004828946388138719,0.0013246526866726325,0.0033729709131283155,0.12566013090517514
Wolof,Bigram,-0.3033417152463457,0.009996097065801708,0.0064872943579593135,0.008077543247910445,-0.009988696246095507
Wolof,Trigram,-0.6467592094847736,0.004185702081855993,-0.0021961093505052666,0.0043944912550301285,-0.016799865569993175
Wolof,Unigram,-0.005923911540910443,-0.005572161776585088,0.007928622869488188,-0.016241739320850972,0.053266320270329105
Wu,Bigram,-0.727034287851788,-0.0022572294684546157,0.013109093316396701,0.01496640116668793,-0.011695420830382448
Wu,Trigram,-0.8486544698245284,-7.469407164766455e-4,0.0033384780331845946,0.005291450152774756,-0.002588490766049546
Wu,Unigram,0.002306817195652511,0.002722648448243782,-0.012284504766564263,-0.020201473676794215,0.018721428212792598
Yiddish,Bigram,-0.20670411045645554,0.0023436832272103426,0.0061749803032184105,0.006030541882122007,0.062244219055539785
Yiddish,Trigram,-0.5521718747763965,-0.007044599338963535,0.0019629425040249165,0.006135499703227414,0.008569816958646451
Yiddish,Unigram,0.08054244242622971,-0.0071364885266510004,-0.012826272693543674,-0.017169264684501407,0.18791883929033798
Yoruba,Bigram,-0.4184674080646727,0.004747176975919054,0.006661354881588936,0.00725913985151396,0.03728575149666307
Yoruba,Trigram,-0.7488038489360793,-0.003023618487634441,0.005096724885927744,0.003320562252904454,-0.004091719793943372
Yoruba,Unigram,-0.04553895874141479,-0.014421077550014297,-0.010125874194465085,-0.016863116481415853,0.11676377641896338
Zazaki,Bigram,-0.5428267774166098,6.374193346513761e-4,0.022952437115255065,0.02579911184026246,0.051590041839856944
Zazaki,Trigram,-0.8677237098801157,-0.010539880112576361,0.007967844545819497,0.019032815413722662,0.02054927066873549
Zazaki,Unigram,-0.0423574044836165,4.6575928466924504e-4,-0.021133643984163265,-0.05796762389142162,0.010753379278263881
Zeelandic,Bigram,-0.3590101038221372,-0.0103783109713771,0.008415198445725363,0.009852154906558476,0.056477448191228005
Zeelandic,Trigram,-0.7064585463811625,-0.01424710698737911,3.7701881635253404e-4,0.016746182747843737,0.02044160269182645
Zeelandic,Unigram,0.07646680344398031,-0.009445028358420444,-0.048257187634138866,-0.04946600231263976,0.16639574790254852
